"fg_id","fg_name","length_mm","width_mm","height_mm","measurement_count","source_workbook","source_sheet","source_row","conflict_flag","conflict_detail"
"DEMO-1001","Sample Cordless Trimmer A","190","45","40","1","Sample Products Physical Dimension.xlsx","Dimension","2","False",""
"DEMO-1002","Sample Beard Trimmer B","200","50","45","1","Sample Products Physical Dimension.xlsx","Dimension","3","False",""
"DEMO-1003","Sample Hair Clipper C","210","55","50","1","Sample Products Physical Dimension.xlsx","Dimension","4","False",""
"DEMO-1004","Sample Nose Trimmer D","95","30","25","1","Sample Products Physical Dimension.xlsx","Dimension","5","False",""
"DEMO-1005","Sample Electric Shaver E","155","60","35","1","Sample Products Physical Dimension.xlsx","Dimension","6","False",""
"DEMO-1006","Sample Grooming Kit F","230","165","75","1","Sample Products Physical Dimension.xlsx","Dimension","7","False",""
"DEMO-1007","Sample Travel Trimmer G","135","32","28","1","Sample Products Physical Dimension.xlsx","Dimension","8","False",""
"DEMO-1008","Sample Body Groomer H","175","42","38","1","Sample Products Physical Dimension.xlsx","Dimension","9","False",""
"DEMO-1009","Sample Oversized Case X","320","250","210","1","Sample Products Physical Dimension.xlsx","Dimension","10","False",""
